<?xml version="1.0" encoding="UTF-8"?>
<project-private xmlns="http://www.netbeans.org/ns/project-private/1">
    <editor-bookmarks xmlns="http://www.netbeans.org/ns/editor-bookmarks/2" lastBookmarkId="0"/>
    <open-files xmlns="http://www.netbeans.org/ns/projectui-open-files/2">
        <group>
            <file>file:/C:/Users/Samsung/Documents/ColaMuffinDocuments/4to%20Semestre/Principios%20de%20Construccion%20de%20Software/InventarioFerreteria/src/inventarioferreteria/Operaciones.java</file>
            <file>file:/C:/Users/Samsung/Documents/ColaMuffinDocuments/4to%20Semestre/Principios%20de%20Construccion%20de%20Software/InventarioFerreteria/src/inventarioferreteria/Menu.java</file>
            <file>file:/C:/Users/Samsung/Documents/ColaMuffinDocuments/4to%20Semestre/Principios%20de%20Construccion%20de%20Software/InventarioFerreteria/src/inventarioferreteria/Interfaces.java</file>
            <file>file:/C:/Users/Samsung/Documents/ColaMuffinDocuments/4to%20Semestre/Principios%20de%20Construccion%20de%20Software/InventarioFerreteria/src/inventarioferreteria/Venta.java</file>
        </group>
    </open-files>
</project-private>
